Timestamp,User Count,Type,Name,Requests/s,Failures/s,50%,66%,75%,80%,90%,95%,98%,99%,99.9%,99.99%,100%,Total Request Count,Total Failure Count,Total Median Response Time,Total Average Response Time,Total Min Response Time,Total Max Response Time,Total Average Content Size
1791335749,0,,Aggregated,0.000000,0.000000,N/A,N/A,N/A,N/A,N/A,N/A,N/A,N/A,N/A,N/A,N/A,0,0,0,0.0,0,0,0
1791335750,1,GET,GET /api/diner/stalls/6ac562a9490d11223a50d540/menu,0.000000,0.000000,0,0,0,0,0,0,0,0,0,0,0,1,0,9.217916987836361,9.217916987836361,9.217916987836361,9.217916987836361,975.0
1791335750,1,POST,setup: POST /api/user/gettoken (one sign-in per user),0.000000,0.000000,0,0,0,0,0,0,0,0,0,0,0,1,0,89.86725000431761,89.86725000431761,89.86725000431761,89.86725000431761,224.0
1791335750,1,,Aggregated,0.000000,0.000000,0,0,0,0,0,0,0,0,0,0,0,2,0,89.86725000431761,49.542583496076986,9.217916987836361,89.86725000431761,599.5
1791335751,2,GET,GET /api/diner/stalls/6ac562a9490d11223a50d540/menu,0.000000,0.000000,4,4,4,4,4,4,4,4,4,4,4,2,0,9,6.446396000683308,3.6748750135302544,9.217916987836361,975.0
1791335751,2,POST,setup: POST /api/user/gettoken (one sign-in per user),0.000000,0.000000,92,92,92,92,92,92,92,92,92,92,92,2,0,92,91.1607290036045,89.86725000431761,92.45420800289139,224.0
1791335751,2,,Aggregated,0.000000,0.000000,92,92,92,92,92,92,92,92,92,92,92,4,0,90,48.803562502143905,3.6748750135302544,92.45420800289139,599.5
1791335752,3,GET,GET /api/diner/stalls/6ac562a9490d11223a50d540/menu,0.000000,0.000000,4,4,4,4,4,4,4,4,4,4,4,3,0,4,5.4169583405988915,3.3580830204300582,9.217916987836361,975.0
1791335752,3,POST,setup: POST /api/user/gettoken (one sign-in per user),0.000000,0.000000,93,93,93,93,93,93,93,93,93,93,93,3,0,92,91.93604166891116,89.86725000431761,93.48666699952446,224.0
1791335752,3,,Aggregated,0.000000,0.000000,92,92,93,93,93,93,93,93,93,93,93,6,0,90,48.67650000475502,3.3580830204300582,93.48666699952446,599.5
1791335753,4,GET,GET /api/diner/stalls/6ac562a9490d11223a50d540/menu,1.000000,0.000000,4,4,6,6,6,6,6,6,6,6,6,5,0,4,5.061966605717316,3.3580830204300582,9.217916987836361,975.0
1791335753,4,POST,setup: POST /api/user/gettoken (one sign-in per user),1.000000,0.000000,93,93,100,100,100,100,100,100,100,100,100,4,0,93,95.11004150408553,89.86725000431761,104.63204100960866,224.0
1791335753,4,,Aggregated,2.000000,0.000000,6,92,93,93,100,100,100,100,100,100,100,9,0,9,45.0833332272143,3.3580830204300582,104.63204100960866,641.2222222222222
1791335754,5,GET,GET /api/diner/stalls/6ac562a9490d11223a50d540/menu,1.000000,0.000000,4,4,4,4,6,6,6,6,6,6,6,7,0,4,4.669631003967619,3.3580830204300582,9.217916987836361,975.0
1791335754,5,POST,setup: POST /api/user/gettoken (one sign-in per user),1.000000,0.000000,93,93,100,100,100,100,100,100,100,100,100,5,0,92,94.0312332008034,89.71599998767488,104.63204100960866,224.0
1791335754,5,,Aggregated,2.000000,0.000000,6,90,92,93,100,100,100,100,100,100,100,12,0,9,41.90363191931586,3.3580830204300582,104.63204100960866,662.0833333333334
1791335755,5,GET,GET /api/diner/stalls/6ac562a9490d11223a50d540/menu,1.000000,0.000000,4,4,6,6,9,9,9,9,9,9,9,8,0,4,5.196661502850475,3.3580830204300582,9.217916987836361,975.0
1791335755,5,POST,setup: POST /api/user/gettoken (one sign-in per user),1.000000,0.000000,93,93,100,100,100,100,100,100,100,100,100,5,0,92,94.0312332008034,89.71599998767488,104.63204100960866,224.0
1791335755,5,,Aggregated,2.000000,0.000000,6,90,92,92,93,100,100,100,100,100,100,13,0,9,39.363804463601596,3.3580830204300582,104.63204100960866,686.1538461538462
1791335756,5,GET,GET /api/diner/stalls/6ac562a9490d11223a50d540/menu,1.250000,0.000000,4,6,7,8,9,9,9,9,9,9,9,10,0,6,5.63369590381626,3.3580830204300582,9.217916987836361,975.0
1791335756,5,POST,setup: POST /api/user/gettoken (one sign-in per user),1.000000,0.000000,93,93,100,100,100,100,100,100,100,100,100,5,0,92,94.0312332008034,89.71599998767488,104.63204100960866,224.0
1791335756,5,,Aggregated,2.250000,0.000000,7,9,90,92,93,100,100,100,100,100,100,15,0,8,35.09954166947864,3.3580830204300582,104.63204100960866,724.6666666666666
1791335757,5,GET,GET /api/diner/stalls/6ac562a9490d11223a50d540/menu,1.400000,0.000000,4,6,7,7,8,9,9,9,9,9,9,12,0,5,5.476750084199011,3.3580830204300582,9.217916987836361,975.0
1791335757,5,POST,setup: POST /api/user/gettoken (one sign-in per user),1.000000,0.000000,93,93,100,100,100,100,100,100,100,100,100,5,0,92,94.0312332008034,89.71599998767488,104.63204100960866,224.0
1791335757,5,,Aggregated,2.400000,0.000000,6,8,90,92,93,100,100,100,100,100,100,17,0,7,31.522186294965007,3.3580830204300582,104.63204100960866,754.1176470588235
1791335758,5,GET,GET /api/diner/stalls/6ac562a9490d11223a50d540/menu,1.428571,0.000000,5,6,7,7,8,9,9,9,9,9,9,14,0,6,5.629994143548954,3.3580830204300582,9.217916987836361,975.0
1791335758,5,POST,setup: POST /api/user/gettoken (one sign-in per user),0.714286,0.000000,93,93,100,100,100,100,100,100,100,100,100,5,0,92,94.0312332008034,89.71599998767488,104.63204100960866,224.0
1791335758,5,,Aggregated,2.142857,0.000000,6,8,9,90,93,100,100,100,100,100,100,19,0,7,28.893478105984332,3.3580830204300582,104.63204100960866,777.3684210526316
1791335759,5,GET,GET /api/diner/stalls/6ac562a9490d11223a50d540/menu,1.428571,0.000000,5,6,7,7,8,9,9,9,9,9,9,15,0,5,5.604913933590676,3.3580830204300582,9.217916987836361,975.0
1791335759,5,POST,setup: POST /api/user/gettoken (one sign-in per user),0.714286,0.000000,93,93,100,100,100,100,100,100,100,100,100,5,0,92,94.0312332008034,89.71599998767488,104.63204100960866,224.0
1791335759,5,,Aggregated,2.142857,0.000000,6,7,9,90,93,100,100,100,100,100,100,20,0,7,27.711493750393856,3.3580830204300582,104.63204100960866,787.25
1791335760,5,GET,GET /api/diner/stalls/6ac562a9490d11223a50d540/menu,1.500000,0.000000,6,6,7,8,9,10,10,10,10,10,10,17,0,6,5.878632354057011,3.3580830204300582,9.740166016854346,975.0
1791335760,5,POST,setup: POST /api/user/gettoken (one sign-in per user),0.625000,0.000000,93,93,100,100,100,100,100,100,100,100,100,5,0,92,94.0312332008034,89.71599998767488,104.63204100960866,224.0
1791335760,5,,Aggregated,2.125000,0.000000,6,7,9,10,93,100,100,100,100,100,100,22,0,7,25.913314364681188,3.3580830204300582,104.63204100960866,804.3181818181819
1791335761,5,GET,GET /api/diner/stalls/6ac562a9490d11223a50d540/menu,1.500000,0.000000,6,7,7,7,9,10,10,10,10,10,10,19,0,6,5.914366264876566,3.3580830204300582,9.740166016854346,975.0
1791335761,5,POST,setup: POST /api/user/gettoken (one sign-in per user),0.500000,0.000000,100,100,100,100,100,100,100,100,100,100,100,5,0,92,94.0312332008034,89.71599998767488,104.63204100960866,224.0
1791335761,5,,Aggregated,2.000000,0.000000,6,7,8,9,90,100,100,100,100,100,100,24,0,7,24.27204687652799,3.3580830204300582,104.63204100960866,818.5416666666666
1791335762,5,GET,GET /api/diner/stalls/6ac562a9490d11223a50d540/menu,1.500000,0.000000,6,7,7,8,9,10,10,10,10,10,10,20,0,6,5.83139585214667,3.3580830204300582,9.740166016854346,975.0
1791335762,5,POST,setup: POST /api/user/gettoken (one sign-in per user),0.500000,0.000000,90,90,90,90,90,90,90,90,90,90,90,5,0,92,94.0312332008034,89.71599998767488,104.63204100960866,224.0
1791335762,5,,Aggregated,2.000000,0.000000,6,7,8,8,10,90,90,90,90,90,90,25,0,6,23.471363321878016,3.3580830204300582,104.63204100960866,824.8
1791335763,5,GET,GET /api/diner/stalls/6ac562a9490d11223a50d540/menu,1.600000,0.000000,6,7,7,8,9,10,10,10,10,10,10,22,0,6,5.8148504097268665,3.3580830204300582,9.740166016854346,975.0
1791335763,5,POST,setup: POST /api/user/gettoken (one sign-in per user),0.400000,0.000000,90,90,90,90,90,90,90,90,90,90,90,5,0,92,94.0312332008034,89.71599998767488,104.63204100960866,224.0
1791335763,5,,Aggregated,2.000000,0.000000,6,7,7,8,9,10,10,10,10,10,10,27,0,6,22.151217593259556,3.3580830204300582,104.63204100960866,835.925925925926
1791335764,5,GET,GET /api/diner/stalls/6ac562a9490d11223a50d540/menu,1.700000,0.000000,6,7,7,7,10,20,20,20,20,20,20,24,0,6,6.33208337482453,3.3580830204300582,19.583582994528115,975.0
1791335764,5,POST,setup: POST /api/user/gettoken (one sign-in per user),0.200000,0.000000,90,90,90,90,90,90,90,90,90,90,90,5,0,92,94.0312332008034,89.71599998767488,104.63204100960866,224.0
1791335764,5,,Aggregated,1.900000,0.000000,6,7,7,7,10,20,20,20,20,20,20,29,0,6,21.452626448269164,3.3580830204300582,104.63204100960866,845.5172413793103
1791335765,5,GET,GET /api/diner/stalls/6ac562a9490d11223a50d540/menu,1.700000,0.000000,6,6,7,7,10,20,20,20,20,20,20,25,0,6,6.25658503966406,3.3580830204300582,19.583582994528115,975.0
1791335765,5,POST,setup: POST /api/user/gettoken (one sign-in per user),0.200000,0.000000,90,90,90,90,90,90,90,90,90,90,90,5,0,92,94.0312332008034,89.71599998767488,104.63204100960866,224.0
1791335765,5,,Aggregated,1.900000,0.000000,6,6,7,7,10,20,20,20,20,20,20,30,0,6,20.885693066520616,3.3580830204300582,104.63204100960866,849.8333333333334
1791335766,5,GET,GET /api/diner/stalls/6ac562a9490d11223a50d540/menu,1.700000,0.000000,6,6,7,7,10,20,20,20,20,20,20,27,0,6,6.173145110046284,3.3580830204300582,19.583582994528115,975.0
1791335766,5,POST,setup: POST /api/user/gettoken (one sign-in per user),0.100000,0.000000,90,90,90,90,90,90,90,90,90,90,90,5,0,92,94.0312332008034,89.71599998767488,104.63204100960866,224.0
1791335766,5,,Aggregated,1.800000,0.000000,6,6,7,7,10,20,20,20,20,20,20,32,0,6,19.900971374227083,3.3580830204300582,104.63204100960866,857.65625
1791335767,5,GET,GET /api/diner/stalls/6ac562a9490d11223a50d540/menu,1.700000,0.000000,6,7,7,7,10,20,20,20,20,20,20,29,0,6,6.280153792086539,3.3580830204300582,19.583582994528115,975.0
1791335767,5,POST,setup: POST /api/user/gettoken (one sign-in per user),0.000000,0.000000,90,90,90,90,90,90,90,90,90,90,90,5,0,92,94.0312332008034,89.71599998767488,104.63204100960866,224.0
1791335767,5,,Aggregated,1.700000,0.000000,6,7,7,7,10,20,20,20,20,20,20,34,0,6,19.18472429336843,3.3580830204300582,104.63204100960866,864.5588235294117
1791335768,5,GET,GET /api/diner/stalls/6ac562a9490d11223a50d540/menu,1.700000,0.000000,6,7,7,8,10,20,20,20,20,20,20,30,0,6,6.278298666196254,3.3580830204300582,19.583582994528115,975.0
1791335768,5,POST,setup: POST /api/user/gettoken (one sign-in per user),0.000000,0.000000,90,90,90,90,90,90,90,90,90,90,90,5,0,92,94.0312332008034,89.71599998767488,104.63204100960866,224.0
1791335768,5,,Aggregated,1.700000,0.000000,6,7,7,8,10,20,20,20,20,20,20,35,0,6,18.814432171140133,3.3580830204300582,104.63204100960866,867.7142857142857
1791335769,5,GET,GET /api/diner/stalls/6ac562a9490d11223a50d540/menu,1.700000,0.000000,6,7,7,8,12,20,20,20,20,20,20,32,0,6,6.443095124268439,3.3580830204300582,19.583582994528115,975.0
1791335769,5,POST,setup: POST /api/user/gettoken (one sign-in per user),0.000000,0.000000,90,90,90,90,90,90,90,90,90,90,90,5,0,92,94.0312332008034,89.71599998767488,104.63204100960866,224.0
1791335769,5,,Aggregated,1.700000,0.000000,6,7,7,8,12,20,20,20,20,20,20,37,0,6,18.279329999475866,3.3580830204300582,104.63204100960866,873.5135135135135
1791335770,5,GET,GET /api/diner/stalls/6ac562a9490d11223a50d540/menu,1.700000,0.000000,6,7,8,8,12,20,20,20,20,20,20,34,0,6,6.576065027997281,3.3580830204300582,19.583582994528115,975.0
1791335770,5,POST,setup: POST /api/user/gettoken (one sign-in per user),0.000000,0.000000,90,90,90,90,90,90,90,90,90,90,90,5,0,92,94.0312332008034,89.71599998767488,104.63204100960866,224.0
1791335770,5,,Aggregated,1.700000,0.000000,6,7,8,8,12,20,20,20,20,20,20,39,0,6,17.788266075792937,3.3580830204300582,104.63204100960866,878.7179487179487
1791335771,5,GET,GET /api/diner/stalls/6ac562a9490d11223a50d540/menu,1.700000,0.000000,6,7,8,12,12,20,20,20,20,20,20,35,0,6,6.554457198529105,3.3580830204300582,19.583582994528115,975.0
1791335771,5,POST,setup: POST /api/user/gettoken (one sign-in per user),0.000000,0.000000,0,0,0,0,0,0,0,0,0,0,0,5,0,92,94.0312332008034,89.71599998767488,104.63204100960866,224.0
1791335771,5,,Aggregated,1.700000,0.000000,6,7,8,12,12,20,20,20,20,20,20,40,0,6,17.489054198813392,3.3580830204300582,104.63204100960866,881.125
1791335772,5,GET,GET /api/diner/stalls/6ac562a9490d11223a50d540/menu,1.700000,0.000000,6,6,8,12,12,20,20,20,20,20,20,37,0,6,6.461966268378435,3.3580830204300582,19.583582994528115,975.0
1791335772,5,POST,setup: POST /api/user/gettoken (one sign-in per user),0.000000,0.000000,0,0,0,0,0,0,0,0,0,0,0,5,0,92,94.0312332008034,89.71599998767488,104.63204100960866,224.0
1791335772,5,,Aggregated,1.700000,0.000000,6,6,8,12,12,20,20,20,20,20,20,42,0,6,16.886878998429026,3.3580830204300582,104.63204100960866,885.5952380952381
1791335773,5,GET,GET /api/diner/stalls/6ac562a9490d11223a50d540/menu,1.700000,0.000000,6,6,7,7,12,12,12,12,12,12,12,39,0,6,6.459589793125931,3.3580830204300582,19.583582994528115,975.0
1791335773,5,POST,setup: POST /api/user/gettoken (one sign-in per user),0.000000,0.000000,0,0,0,0,0,0,0,0,0,0,0,5,0,92,94.0312332008034,89.71599998767488,104.63204100960866,224.0
1791335773,5,,Aggregated,1.700000,0.000000,6,6,7,7,12,12,12,12,12,12,12,44,0,6,16.410912907634735,3.3580830204300582,104.63204100960866,889.6590909090909
1791335774,5,GET,GET /api/diner/stalls/6ac562a9490d11223a50d540/menu,1.700000,0.000000,6,6,7,8,12,12,12,12,12,12,12,40,0,6,6.441994848137256,3.3580830204300582,19.583582994528115,975.0
1791335774,5,POST,setup: POST /api/user/gettoken (one sign-in per user),0.000000,0.000000,0,0,0,0,0,0,0,0,0,0,0,5,0,92,94.0312332008034,89.71599998767488,104.63204100960866,224.0
1791335774,5,,Aggregated,1.700000,0.000000,6,6,7,8,12,12,12,12,12,12,12,45,0,6,16.174132442877937,3.3580830204300582,104.63204100960866,891.5555555555555
1791335775,5,GET,GET /api/diner/stalls/6ac562a9490d11223a50d540/menu,1.700000,0.000000,6,7,8,12,12,12,12,12,12,12,12,42,0,6,6.526067521744629,3.3580830204300582,19.583582994528115,975.0
1791335775,5,POST,setup: POST /api/user/gettoken (one sign-in per user),0.000000,0.000000,0,0,0,0,0,0,0,0,0,0,0,5,0,92,94.0312332008034,89.71599998767488,104.63204100960866,224.0
1791335775,5,,Aggregated,1.700000,0.000000,6,7,8,12,12,12,12,12,12,12,12,47,0,6,15.835127700367902,3.3580830204300582,104.63204100960866,895.1063829787234
1791335776,5,GET,GET /api/diner/stalls/6ac562a9490d11223a50d540/menu,1.700000,0.000000,6,6,8,8,12,12,12,12,12,12,12,44,0,6,6.478679043621841,3.3580830204300582,19.583582994528115,975.0
1791335776,5,POST,setup: POST /api/user/gettoken (one sign-in per user),0.000000,0.000000,0,0,0,0,0,0,0,0,0,0,0,5,0,92,94.0312332008034,89.71599998767488,104.63204100960866,224.0
1791335776,5,,Aggregated,1.700000,0.000000,6,6,8,8,12,12,12,12,12,12,12,49,0,6,15.412613141293429,3.3580830204300582,104.63204100960866,898.3673469387755
1791335777,5,GET,GET /api/diner/stalls/6ac562a9490d11223a50d540/menu,1.700000,0.000000,6,6,7,12,12,12,12,12,12,12,12,45,0,6,6.445583398453891,3.3580830204300582,19.583582994528115,975.0
1791335777,5,POST,setup: POST /api/user/gettoken (one sign-in per user),0.000000,0.000000,0,0,0,0,0,0,0,0,0,0,0,5,0,92,94.0312332008034,89.71599998767488,104.63204100960866,224.0
1791335777,5,,Aggregated,1.700000,0.000000,6,6,7,12,12,12,12,12,12,12,12,50,0,6,15.204148378688842,3.3580830204300582,104.63204100960866,899.9
1791335778,5,GET,GET /api/diner/stalls/6ac562a9490d11223a50d540/menu,1.700000,0.000000,6,6,7,12,12,14,14,14,14,14,14,47,0,6,6.554152531068811,3.3580830204300582,19.583582994528115,975.0
1791335778,5,POST,setup: POST /api/user/gettoken (one sign-in per user),0.000000,0.000000,0,0,0,0,0,0,0,0,0,0,0,5,0,92,94.0312332008034,89.71599998767488,104.63204100960866,224.0
1791335778,5,,Aggregated,1.700000,0.000000,6,6,7,12,12,14,14,14,14,14,14,52,0,6,14.965410287774061,3.3580830204300582,104.63204100960866,902.7884615384615
1791335779,5,GET,GET /api/diner/stalls/6ac562a9490d11223a50d540/menu,1.600000,0.000000,6,6,6,7,12,14,14,14,14,14,14,48,0,6,6.548763061800855,3.3580830204300582,19.583582994528115,975.0
1791335779,5,POST,setup: POST /api/user/gettoken (one sign-in per user),0.000000,0.000000,0,0,0,0,0,0,0,0,0,0,0,5,0,92,94.0312332008034,89.71599998767488,104.63204100960866,224.0
1791335779,5,,Aggregated,1.600000,0.000000,6,6,6,7,12,14,14,14,14,14,14,53,0,6,14.801826282461473,3.3580830204300582,104.63204100960866,904.1509433962265
1791335780,5,GET,GET /api/diner/stalls/6ac562a9490d11223a50d540/menu,1.700000,0.000000,6,6,8,10,12,14,14,14,14,14,14,50,0,6,6.638856719364412,3.3580830204300582,19.583582994528115,975.0
1791335780,5,POST,setup: POST /api/user/gettoken (one sign-in per user),0.000000,0.000000,0,0,0,0,0,0,0,0,0,0,0,5,0,92,94.0312332008034,89.71599998767488,104.63204100960866,224.0
1791335780,5,,Aggregated,1.700000,0.000000,6,6,8,10,12,14,14,14,14,14,14,55,0,6,14.583618217677047,3.3580830204300582,104.63204100960866,906.7272727272727
1791335781,5,GET,GET /api/diner/stalls/6ac562a9490d11223a50d540/menu,1.700000,0.000000,6,6,8,10,12,14,14,14,14,14,14,52,0,6,6.586227614137058,3.3580830204300582,19.583582994528115,975.0
1791335781,5,POST,setup: POST /api/user/gettoken (one sign-in per user),0.000000,0.000000,0,0,0,0,0,0,0,0,0,0,0,5,0,92,94.0312332008034,89.71599998767488,104.63204100960866,224.0
1791335781,5,,Aggregated,1.700000,0.000000,6,6,8,10,12,14,14,14,14,14,14,57,0,6,14.256842139283227,3.3580830204300582,104.63204100960866,909.1228070175439
1791335782,5,GET,GET /api/diner/stalls/6ac562a9490d11223a50d540/menu,1.600000,0.000000,6,7,8,10,12,14,14,14,14,14,14,53,0,6,6.6087170364554835,3.3580830204300582,19.583582994528115,975.0
1791335782,5,POST,setup: POST /api/user/gettoken (one sign-in per user),0.000000,0.000000,0,0,0,0,0,0,0,0,0,0,0,5,0,92,94.0312332008034,89.71599998767488,104.63204100960866,224.0
1791335782,5,,Aggregated,1.600000,0.000000,6,7,8,10,12,14,14,14,14,14,14,58,0,6,14.145140843726855,3.3580830204300582,104.63204100960866,910.2586206896551
1791335783,5,GET,GET /api/diner/stalls/6ac562a9490d11223a50d540/menu,1.700000,0.000000,6,6,8,10,12,14,14,14,14,14,14,55,0,6,6.55314323481765,3.3580830204300582,19.583582994528115,975.0
1791335783,5,POST,setup: POST /api/user/gettoken (one sign-in per user),0.000000,0.000000,0,0,0,0,0,0,0,0,0,0,0,5,0,92,94.0312332008034,89.71599998767488,104.63204100960866,224.0
1791335783,5,,Aggregated,1.700000,0.000000,6,6,8,10,12,14,14,14,14,14,14,60,0,6,13.842984065316463,3.3580830204300582,104.63204100960866,912.4166666666666
1791335784,5,GET,GET /api/diner/stalls/6ac562a9490d11223a50d540/menu,1.700000,0.000000,6,6,8,8,10,14,14,14,14,14,14,57,0,6,6.47824857763848,3.187082998920232,19.583582994528115,975.0
1791335784,5,POST,setup: POST /api/user/gettoken (one sign-in per user),0.000000,0.000000,0,0,0,0,0,0,0,0,0,0,0,5,0,92,94.0312332008034,89.71599998767488,104.63204100960866,224.0
1791335784,5,,Aggregated,1.700000,0.000000,6,6,8,8,10,14,14,14,14,14,14,62,0,6,13.538973144022748,3.187082998920232,104.63204100960866,914.4354838709677
1791335785,5,GET,GET /api/diner/stalls/6ac562a9490d11223a50d540/menu,1.600000,0.000000,6,6,8,8,10,14,14,14,14,14,14,58,0,6,6.440441843708335,3.187082998920232,19.583582994528115,975.0
1791335785,5,POST,setup: POST /api/user/gettoken (one sign-in per user),0.000000,0.000000,0,0,0,0,0,0,0,0,0,0,0,5,0,92,94.0312332008034,89.71599998767488,104.63204100960866,224.0
1791335785,5,,Aggregated,1.600000,0.000000,6,6,8,8,10,14,14,14,14,14,14,63,0,6,13.392091951414292,3.187082998920232,104.63204100960866,915.3968253968254
1791335786,5,GET,GET /api/diner/stalls/6ac562a9490d11223a50d540/menu,1.700000,0.000000,6,6,8,8,10,14,14,14,14,14,14,60,0,6,6.355971565547709,2.9700419981963933,19.583582994528115,975.0
1791335786,5,POST,setup: POST /api/user/gettoken (one sign-in per user),0.000000,0.000000,0,0,0,0,0,0,0,0,0,0,0,5,0,92,94.0312332008034,89.71599998767488,104.63204100960866,224.0
1791335786,5,,Aggregated,1.700000,0.000000,6,6,8,8,10,14,14,14,14,14,14,65,0,6,13.100222460567378,2.9700419981963933,104.63204100960866,917.2307692307693
1791335787,5,GET,GET /api/diner/stalls/6ac562a9490d11223a50d540/menu,1.700000,0.000000,6,6,7,8,8,10,10,10,10,10,10,62,0,6,6.335798434578934,2.9700419981963933,19.583582994528115,975.0
1791335787,5,POST,setup: POST /api/user/gettoken (one sign-in per user),0.000000,0.000000,0,0,0,0,0,0,0,0,0,0,0,5,0,92,94.0312332008034,89.71599998767488,104.63204100960866,224.0
1791335787,5,,Aggregated,1.700000,0.000000,6,6,7,8,8,10,10,10,10,10,10,67,0,6,12.880233864894192,2.9700419981963933,104.63204100960866,918.955223880597
1791335788,5,GET,GET /api/diner/stalls/6ac562a9490d11223a50d540/menu,1.600000,0.000000,6,6,7,8,8,10,10,10,10,10,10,63,0,6,6.3328677769898185,2.9700419981963933,19.583582994528115,975.0
1791335788,5,POST,setup: POST /api/user/gettoken (one sign-in per user),0.000000,0.000000,0,0,0,0,0,0,0,0,0,0,0,5,0,92,94.0312332008034,89.71599998767488,104.63204100960866,224.0
1791335788,5,,Aggregated,1.600000,0.000000,6,6,7,8,8,10,10,10,10,10,10,68,0,6,12.781276999329052,2.9700419981963933,104.63204100960866,919.7794117647059
1791335789,5,GET,GET /api/diner/stalls/6ac562a9490d11223a50d540/menu,1.700000,0.000000,6,6,6,6,7,8,8,8,8,8,8,65,0,6,6.312510291060719,2.9700419981963933,19.583582994528115,975.0
1791335789,5,POST,setup: POST /api/user/gettoken (one sign-in per user),0.000000,0.000000,0,0,0,0,0,0,0,0,0,0,0,5,0,92,94.0312332008034,89.71599998767488,104.63204100960866,224.0
1791335789,5,,Aggregated,1.700000,0.000000,6,6,6,6,7,8,8,8,8,8,8,70,0,6,12.57813335604234,2.9700419981963933,104.63204100960866,921.3571428571429
1791335790,5,GET,GET /api/diner/stalls/6ac562a9490d11223a50d540/menu,1.700000,0.000000,5,6,6,6,7,8,8,8,8,8,8,67,0,6,6.243555386526399,2.9700419981963933,19.583582994528115,975.0
1791335790,5,POST,setup: POST /api/user/gettoken (one sign-in per user),0.000000,0.000000,0,0,0,0,0,0,0,0,0,0,0,5,0,92,94.0312332008034,89.71599998767488,104.63204100960866,224.0
1791335790,5,,Aggregated,1.700000,0.000000,5,6,6,6,7,8,8,8,8,8,8,72,0,6,12.339921901406747,2.9700419981963933,104.63204100960866,922.8472222222222
1791335791,5,GET,GET /api/diner/stalls/6ac562a9490d11223a50d540/menu,1.600000,0.000000,5,6,6,6,7,8,8,8,8,8,8,68,0,6,6.271327248695718,2.9700419981963933,19.583582994528115,975.0
1791335791,5,POST,setup: POST /api/user/gettoken (one sign-in per user),0.000000,0.000000,0,0,0,0,0,0,0,0,0,0,0,5,0,92,94.0312332008034,89.71599998767488,104.63204100960866,224.0
1791335791,5,,Aggregated,1.600000,0.000000,5,6,6,6,7,8,8,8,8,8,8,73,0,6,12.282279711168846,2.9700419981963933,104.63204100960866,923.5616438356165
1791335792,5,GET,GET /api/diner/stalls/6ac562a9490d11223a50d540/menu,1.700000,0.000000,5,6,6,6,7,8,8,8,8,8,8,70,0,6,6.2358214698698635,2.9700419981963933,19.583582994528115,975.0
1791335792,5,POST,setup: POST /api/user/gettoken (one sign-in per user),0.000000,0.000000,0,0,0,0,0,0,0,0,0,0,0,5,0,92,94.0312332008034,89.71599998767488,104.63204100960866,224.0
1791335792,5,,Aggregated,1.700000,0.000000,5,6,6,6,7,8,8,8,8,8,8,75,0,6,12.088848918598766,2.9700419981963933,104.63204100960866,924.9333333333333
1791335793,5,GET,GET /api/diner/stalls/6ac562a9490d11223a50d540/menu,1.700000,0.000000,5,6,6,7,8,18,18,18,18,18,18,72,0,6,6.371956637142123,2.9700419981963933,19.583582994528115,975.0
1791335793,5,POST,setup: POST /api/user/gettoken (one sign-in per user),0.000000,0.000000,0,0,0,0,0,0,0,0,0,0,0,5,0,92,94.0312332008034,89.71599998767488,104.63204100960866,224.0
1791335793,5,,Aggregated,1.700000,0.000000,5,6,6,7,8,18,18,18,18,18,18,77,0,6,12.064117452964284,2.9700419981963933,104.63204100960866,926.2337662337662
1791335794,5,GET,GET /api/diner/stalls/6ac562a9490d11223a50d540/menu,1.600000,0.000000,5,6,6,7,8,18,18,18,18,18,18,73,0,6,6.347343642168921,2.9700419981963933,19.583582994528115,975.0
1791335794,5,POST,setup: POST /api/user/gettoken (one sign-in per user),0.000000,0.000000,0,0,0,0,0,0,0,0,0,0,0,5,0,92,94.0312332008034,89.71599998767488,104.63204100960866,224.0
1791335794,5,,Aggregated,1.600000,0.000000,5,6,6,7,8,18,18,18,18,18,18,78,0,6,11.968105793363438,2.9700419981963933,104.63204100960866,926.8589743589744
1791335795,5,GET,GET /api/diner/stalls/6ac562a9490d11223a50d540/menu,1.700000,0.000000,6,6,7,7,8,18,18,18,18,18,18,75,0,6,6.332418918609619,2.9700419981963933,19.583582994528115,975.0
1791335795,5,POST,setup: POST /api/user/gettoken (one sign-in per user),0.000000,0.000000,0,0,0,0,0,0,0,0,0,0,0,5,0,92,94.0312332008034,89.71599998767488,104.63204100960866,224.0
1791335795,5,,Aggregated,1.700000,0.000000,6,6,7,7,8,18,18,18,18,18,18,80,0,6,11.81359481124673,2.9700419981963933,104.63204100960866,928.0625
1791335796,5,GET,GET /api/diner/stalls/6ac562a9490d11223a50d540/menu,1.700000,0.000000,6,6,7,8,17,18,18,18,18,18,18,77,0,6,6.444405868661578,2.9700419981963933,19.583582994528115,975.0
1791335796,5,POST,setup: POST /api/user/gettoken (one sign-in per user),0.000000,0.000000,0,0,0,0,0,0,0,0,0,0,0,5,0,92,94.0312332008034,89.71599998767488,104.63204100960866,224.0
1791335796,5,,Aggregated,1.700000,0.000000,6,6,7,8,17,18,18,18,18,18,18,82,0,6,11.785066071840957,2.9700419981963933,104.63204100960866,929.2073170731708
1791335797,5,GET,GET /api/diner/stalls/6ac562a9490d11223a50d540/menu,1.600000,0.000000,5,6,7,8,17,18,18,18,18,18,18,78,0,6,6.430041152037656,2.9700419981963933,19.583582994528115,975.0
1791335797,5,POST,setup: POST /api/user/gettoken (one sign-in per user),0.000000,0.000000,0,0,0,0,0,0,0,0,0,0,0,5,0,92,94.0312332008034,89.71599998767488,104.63204100960866,224.0
1791335797,5,,Aggregated,1.600000,0.000000,5,6,7,8,17,18,18,18,18,18,18,83,0,6,11.707221395939207,2.9700419981963933,104.63204100960866,929.7590361445783
1791335798,5,GET,GET /api/diner/stalls/6ac562a9490d11223a50d540/menu,1.700000,0.000000,5,6,8,8,17,18,18,18,18,18,18,80,0,6,6.446946897995076,2.9700419981963933,19.583582994528115,975.0
1791335798,5,POST,setup: POST /api/user/gettoken (one sign-in per user),0.000000,0.000000,0,0,0,0,0,0,0,0,0,0,0,5,0,92,94.0312332008034,89.71599998767488,104.63204100960866,224.0
1791335798,5,,Aggregated,1.700000,0.000000,5,6,8,8,17,18,18,18,18,18,18,85,0,6,11.598963739336742,2.9700419981963933,104.63204100960866,930.8235294117648
1791335799,5,GET,GET /api/diner/stalls/6ac562a9490d11223a50d540/menu,1.700000,0.000000,6,7,8,9,17,18,18,18,18,18,18,82,0,6,6.446951741875127,2.9700419981963933,19.583582994528115,975.0
1791335799,5,POST,setup: POST /api/user/gettoken (one sign-in per user),0.000000,0.000000,0,0,0,0,0,0,0,0,0,0,0,5,0,92,94.0312332008034,89.71599998767488,104.63204100960866,224.0
1791335799,5,,Aggregated,1.700000,0.000000,6,7,8,9,17,18,18,18,18,18,18,87,0,6,11.480531136066407,2.9700419981963933,104.63204100960866,931.8390804597701
1791335800,5,GET,GET /api/diner/stalls/6ac562a9490d11223a50d540/menu,1.600000,0.000000,5,6,8,9,17,18,18,18,18,18,18,83,0,6,6.425203829484778,2.9700419981963933,19.583582994528115,975.0
1791335800,5,POST,setup: POST /api/user/gettoken (one sign-in per user),0.000000,0.000000,0,0,0,0,0,0,0,0,0,0,0,5,0,92,94.0312332008034,89.71599998767488,104.63204100960866,224.0
1791335800,5,,Aggregated,1.600000,0.000000,5,6,8,9,17,18,18,18,18,18,18,88,0,6,11.402819134673337,2.9700419981963933,104.63204100960866,932.3295454545455
1791335801,5,GET,GET /api/diner/stalls/6ac562a9490d11223a50d540/menu,1.700000,0.000000,5,6,8,9,17,18,18,18,18,18,18,85,0,6,6.399863245143719,2.9700419981963933,19.583582994528115,975.0
1791335801,5,POST,setup: POST /api/user/gettoken (one sign-in per user),0.000000,0.000000,0,0,0,0,0,0,0,0,0,0,0,5,0,92,94.0312332008034,89.71599998767488,104.63204100960866,224.0
1791335801,5,,Aggregated,1.700000,0.000000,5,6,8,9,17,18,18,18,18,18,18,90,0,6,11.268272687124814,2.9700419981963933,104.63204100960866,933.2777777777778
1791335802,5,GET,GET /api/diner/stalls/6ac562a9490d11223a50d540/menu,1.700000,0.000000,5,6,7,8,9,17,17,17,17,17,17,87,0,6,6.35014128558145,2.9700419981963933,19.583582994528115,975.0
1791335802,5,POST,setup: POST /api/user/gettoken (one sign-in per user),0.000000,0.000000,0,0,0,0,0,0,0,0,0,0,0,5,0,92,94.0312332008034,89.71599998767488,104.63204100960866,224.0
1791335802,5,,Aggregated,1.700000,0.000000,5,6,7,8,9,17,17,17,17,17,17,92,0,6,11.115418020104382,2.9700419981963933,104.63204100960866,934.1847826086956
1791335803,5,GET,GET /api/diner/stalls/6ac562a9490d11223a50d540/menu,1.600000,0.000000,5,6,8,9,17,18,18,18,18,18,18,88,0,6,6.478328123193933,2.9700419981963933,19.583582994528115,975.0
1791335803,5,POST,setup: POST /api/user/gettoken (one sign-in per user),0.000000,0.000000,0,0,0,0,0,0,0,0,0,0,0,5,0,92,94.0312332008034,89.71599998767488,104.63204100960866,224.0
1791335803,5,,Aggregated,1.600000,0.000000,5,6,8,9,17,18,18,18,18,18,18,93,0,6,11.185473557474012,2.9700419981963933,104.63204100960866,934.6236559139785
1791335804,5,GET,GET /api/diner/stalls/6ac562a9490d11223a50d540/menu,1.700000,0.000000,5,6,8,9,17,18,18,18,18,18,18,90,0,6,6.456263898548463,2.9700419981963933,19.583582994528115,975.0
1791335804,5,POST,setup: POST /api/user/gettoken (one sign-in per user),0.000000,0.000000,0,0,0,0,0,0,0,0,0,0,0,5,0,92,94.0312332008034,89.71599998767488,104.63204100960866,224.0
1791335804,5,,Aggregated,1.700000,0.000000,5,6,8,9,17,18,18,18,18,18,18,95,0,6,11.06547280919346,2.9700419981963933,104.63204100960866,935.4736842105264
1791335805,5,GET,GET /api/diner/stalls/6ac562a9490d11223a50d540/menu,1.700000,0.000000,5,6,6,8,9,18,18,18,18,18,18,92,0,6,6.40799638969601,2.9700419981963933,19.583582994528115,975.0
1791335805,5,POST,setup: POST /api/user/gettoken (one sign-in per user),0.000000,0.000000,0,0,0,0,0,0,0,0,0,0,0,5,0,92,94.0312332008034,89.71599998767488,104.63204100960866,224.0
1791335805,5,,Aggregated,1.700000,0.000000,5,6,6,8,9,18,18,18,18,18,18,97,0,6,10.924658080990206,2.9700419981963933,104.63204100960866,936.2886597938144
1791335806,5,GET,GET /api/diner/stalls/6ac562a9490d11223a50d540/menu,1.600000,0.000000,5,6,8,8,9,18,18,18,18,18,18,93,0,6,6.422016138125771,2.9700419981963933,19.583582994528115,975.0
1791335806,5,POST,setup: POST /api/user/gettoken (one sign-in per user),0.000000,0.000000,0,0,0,0,0,0,0,0,0,0,0,5,0,92,94.0312332008034,89.71599998767488,104.63204100960866,224.0
1791335806,5,,Aggregated,1.600000,0.000000,5,6,8,8,9,18,18,18,18,18,18,98,0,6,10.891874151527691,2.9700419981963933,104.63204100960866,936.6836734693877
1791335807,5,GET,GET /api/diner/stalls/6ac562a9490d11223a50d540/menu,1.700000,0.000000,5,5,6,8,9,18,18,18,18,18,18,95,0,6,6.382008345711879,2.9700419981963933,19.583582994528115,975.0
1791335807,5,POST,setup: POST /api/user/gettoken (one sign-in per user),0.000000,0.000000,0,0,0,0,0,0,0,0,0,0,0,5,0,92,94.0312332008034,89.71599998767488,104.63204100960866,224.0
1791335807,5,,Aggregated,1.700000,0.000000,5,5,6,8,9,18,18,18,18,18,18,100,0,6,10.764469588466454,2.9700419981963933,104.63204100960866,937.45
1791335808,5,GET,GET /api/diner/stalls/6ac562a9490d11223a50d540/menu,1.700000,0.000000,5,6,6,8,9,18,18,18,18,18,18,97,0,6,6.4045962353702635,2.9700419981963933,19.583582994528115,975.0
1791335808,5,POST,setup: POST /api/user/gettoken (one sign-in per user),0.000000,0.000000,0,0,0,0,0,0,0,0,0,0,0,5,0,92,94.0312332008034,89.71599998767488,104.63204100960866,224.0
1791335808,5,,Aggregated,1.700000,0.000000,5,6,6,8,9,18,18,18,18,18,18,102,0,6,10.70001961602875,2.9700419981963933,104.63204100960866,938.1862745098039
